DriverID,Season,DriverNumber,DriverImage
2,2026,12,"https://media.formula1.com/image/upload/c_lfill,w_440/q_auto/d_common:f1:2026:fallback:driver:2026fallbackdriverright.webp/v1740000001/common/f1/2026/mercedes/andant01/2026mercedesandant01right.webp"
16,2026,1,"https://media.formula1.com/image/upload/c_lfill,w_440/q_auto/d_common:f1:2026:fallback:driver:2026fallbackdriverright.webp/v1740000001/common/f1/2026/mclaren/lannor01/2026mclarenlannor01right.webp"
19,2026,81,"https://media.formula1.com/image/upload/c_lfill,w_440/q_auto/d_common:f1:2026:fallback:driver:2026fallbackdriverright.webp/v1740000001/common/f1/2026/mclaren/oscpia01/2026mclarenoscpia01right.webp"
22,2026,63,"https://media.formula1.com/image/upload/c_lfill,w_440/q_auto/d_common:f1:2026:fallback:driver:2026fallbackdriverright.webp/v1740000001/common/f1/2026/mercedes/georus01/2026mercedesgeorus01right.webp"
10,2026,3,"https://media.formula1.com/image/upload/c_lfill,w_440/q_auto/d_common:f1:2026:fallback:driver:2026fallbackdriverright.webp/v1740000001/common/f1/2026/redbullracing/maxver01/2026redbullracingmaxver01right.webp"
11,2026,44,"https://media.formula1.com/image/upload/c_lfill,w_440/q_auto/d_common:f1:2026:fallback:driver:2026fallbackdriverright.webp/v1740000001/common/f1/2026/ferrari/lewham01/2026ferrarilewham01right.webp"
6,2026,43,"https://media.formula1.com/image/upload/c_lfill,w_440/q_auto/d_common:f1:2026:fallback:driver:2026fallbackdriverright.webp/v1740000001/common/f1/2026/alpine/fracol01/2026alpinefracol01right.webp"
12,2026,16,"https://media.formula1.com/image/upload/c_lfill,w_440/q_auto/d_common:f1:2026:fallback:driver:2026fallbackdriverright.webp/v1740000001/common/f1/2026/ferrari/chalec01/2026ferrarichalec01right.webp"
21,2026,55,"https://media.formula1.com/image/upload/c_lfill,w_440/q_auto/d_common:f1:2026:fallback:driver:2026fallbackdriverright.webp/v1740000001/common/f1/2026/williams/carsai01/2026williamscarsai01right.webp"
1,2026,23,"https://media.formula1.com/image/upload/c_lfill,w_440/q_auto/d_common:f1:2026:fallback:driver:2026fallbackdriverright.webp/v1740000001/common/f1/2026/williams/alealb01/2026williamsalealb01right.webp"
4,2026,87,"https://media.formula1.com/image/upload/c_lfill,w_440/q_auto/d_common:f1:2026:fallback:driver:2026fallbackdriverright.webp/v1740000001/common/f1/2026/haasf1team/olibea01/2026haasf1teamolibea01right.webp"
5,2026,5,"https://media.formula1.com/image/upload/c_lfill,w_440/q_auto/d_common:f1:2026:fallback:driver:2026fallbackdriverright.webp/v1740000001/common/f1/2026/audi/gabbor01/2026audigabbor01right.webp"
24,2026,31,"https://media.formula1.com/image/upload/c_lfill,w_440/q_auto/d_common:f1:2026:fallback:driver:2026fallbackdriverright.webp/v1740000001/common/f1/2026/haasf1team/estoco01/2026haasf1teamestoco01right.webp"
3,2026,41,"https://media.formula1.com/image/upload/c_lfill,w_440/q_auto/d_common:f1:2026:fallback:driver:2026fallbackdriverright.webp/v1740000001/common/f1/2026/racingbulls/arvlin01/2026racingbullsarvlin01right.webp"
25,2026,14,"https://media.formula1.com/image/upload/c_lfill,w_440/q_auto/d_common:f1:2026:fallback:driver:2026fallbackdriverright.webp/v1740000001/common/f1/2026/astonmartin/feralo01/2026astonmartinferalo01right.webp"
17,2026,11,"https://media.formula1.com/image/upload/c_lfill,w_440/q_auto/d_common:f1:2026:fallback:driver:2026fallbackdriverright.webp/v1740000001/common/f1/2026/cadillac/serper01/2026cadillacserper01right.webp"
26,2026,18,"https://media.formula1.com/image/upload/c_lfill,w_440/q_auto/d_common:f1:2026:fallback:driver:2026fallbackdriverright.webp/v1740000001/common/f1/2026/astonmartin/lanstr01/2026astonmartinlanstr01right.webp"
18,2026,77,"https://media.formula1.com/image/upload/c_lfill,w_440/q_auto/d_common:f1:2026:fallback:driver:2026fallbackdriverright.webp/v1740000001/common/f1/2026/cadillac/valbot01/2026cadillacvalbot01right.webp"
13,2026,27,"https://media.formula1.com/image/upload/c_lfill,w_440/q_auto/d_common:f1:2026:fallback:driver:2026fallbackdriverright.webp/v1740000001/common/f1/2026/audi/nichul01/2026audinichul01right.webp"
14,2026,30,"https://media.formula1.com/image/upload/c_lfill,w_440/q_auto/d_common:f1:2026:fallback:driver:2026fallbackdriverright.webp/v1740000001/common/f1/2026/racingbulls/lialaw01/2026racingbullslialaw01right.webp"
8,2026,10,"https://media.formula1.com/image/upload/c_lfill,w_440/q_auto/d_common:f1:2026:fallback:driver:2026fallbackdriverright.webp/v1740000001/common/f1/2026/alpine/piegas01/2026alpinepiegas01right.webp"
9,2026,6,"https://media.formula1.com/image/upload/c_lfill,w_440/q_auto/d_common:f1:2026:fallback:driver:2026fallbackdriverright.webp/v1740000001/common/f1/2026/redbullracing/isahad01/2026redbullracingisahad01right.webp"